verdict,auditor_note,claim,excerpt,source_publication,source_date,source_title,source_file,event_type,event_date,date_precision,operator,venue_name_as_written,on_the_map,extraction_confidence,pipeline_flagged_it,event_id
correct,"‘Aramark also recently won a contract to replace Sodexo at Temple University.’ No date claimed, so none to get wrong.",Sodexo lost the food service contract at Temple University — date unknown.,"… in September, SodexoMagic file a federal lawsuit alleging that Drexel misrepresented expected growth in Drexel's student body during contract negotiations. Center City-based Aramark also recently won a contract to replace Sodexo at Temple University. - Harold Brubaker Pa. Water completes deal Pennsylvania American Water, a subsidiary of American Water of Voorhees, said Monday that it has completed the acquisition of the wastewater assets of the Borough of New Cumberland in Cumberland County for $23 million. The sale was announced in May, and required state regulatory approval. The New Cumberland wastewater system serves about 3,100 customers, who already receive water service from Pennsylva…","Philadelphia Inquirer; Philadelphia, Pa.",2016-11-01,BriefCase,articles/raw/usb1/Aramark/ProQuestDocuments-2026-07-29 (1).rtf,lost,,approx,Sodexo,Temple University,no,0.75,yes,ev_7beff567a0cffbea
out_of_scope,Extraction is accurate — Aramark did lose this contract effective Dec 12. But the words ‘food’ and ‘dining’ appear NOWHERE in the article; it is about environmental services (housekeeping). Not a food service contract.,Aramark Healthcare Services lost the food service contract at Lafayette General Medical Center — 2016-12-12 (exact).,"[2 copies of this article in the corpus; showing the fullest] Aramark Healthcare Services will lay off 243 employees assigned to Lafayette General Medical Center on Dec. 12, the company revealed in a notification to Louisiana Workforce Commission on Friday. But Lafayette General says it may rehire as many in what it hopes will be a seamless transition to returning environmental services jobs to the hospital system, rather than contracting them out. Aramark's notification follows news from the Medical Center made Monday that it would end the contract, which ends Dec. 12. Lafayette General spokesman Daryl Cetnar said many or most of the employees now employed by Aramark may regain jobs with Lafayette General. Aramark said all employees at the site will l…","The Daily Advertiser; Lafayette, La.",2016-10-15,Aramark to lay off 243; rehires possible,articles/raw/usb1/Aramark/ProQuestDocuments-2026-07-29 (1).rtf,lost,2016-12-12,exact,Aramark Healthcare Services,Lafayette General Medical Center,no,0.9,yes,ev_972e3d50f5b5c142
wrong_date,Chartwells replacing Aramark at UTA is right. 2016-06-06 is not the contract date — June 6 is when the Outtakes convenience store opened. Date lifted from the wrong entity in the article.,"Chartwells won the food service contract at University of Texas - Arlington, University of Texas at Arlington — 2016-06-06 (approx).","Publication: The Shorthorn, University of Texas - Arlington, Arlington TX. New look, new food distributor, same great taste. ""It's more of an enhancement,"" University Center director David Albart said. Chartwells will serve as the university food distributor. It will provide its services to residential dining, the University Center Plaza, the UC Starbucks, Maverick Activities Center, University Center Market, Einstein Bros. Bagels, University Club and various retail locations in the College Park District. Although the food will be similar to Aramark's, the old food distributor, there will be broader food options, Albart said. The Connection Café has undergone renovation. Previously, it was a…",University Wire; Carlsbad,2016-08-22,New food distributor refreshes UTA's cuisine,articles/raw/usb1/Aramark/ProQuestDocuments-2026-07-29 (1).rtf,won,2016-06-06,approx,Chartwells,University of Texas - Arlington,yes,0.9,no,ev_3f56dfa6a6530881
correct,"‘the St. Cloud State vendor contract with Sodexo … was not renewed effective July 1’, and the article goes on to name ‘the new St. Cloud State vendor’.","Sodexo lost the food service contract at St. Cloud State University's Garvey Commons, St. Cloud State University — 2016-07-01 (exact).","… and playing with their peers. So far, he has been quite successful. But the summer of 2016 has not been without challenges for the 6-year-old program. Sparby said the Yes Network had recently transitioned back to preparing meals at St. Cloud State University's Garvey Commons after spending the first month prepping meals at Apollo High School. ""We are right on track to serve another 70,000 meals this summer,"" Sparby said. A great sign for a program that was struggling to find a space to call home. Sparby said the St. Cloud State vendor contract with Sodexo, a partner of the Yes Network, was not renewed effective July 1. Without that contract, Sparby was concerned where his organization was g…","St. Cloud Times; St. Cloud, Minn.",2016-07-31,Building community,articles/raw/usb1/Sodexho/ProQuestDocuments-2026-07-29.rtf,lost,2016-07-01,exact,Sodexo,St. Cloud State University's Garvey Commons,no,0.85,yes,ev_17f190dcdbc956e6
correct,"‘Chartwells, SMSU’s new food service provider after switching from Aramark.’","Chartwells won the food service contract at SMSU campus, Southwest State University — date unknown.","[3 copies of this article in the corpus; showing the fullest] Publication: The Spur, Southwest State University, Marshall MN. Starbucks to be student-run Martin Olsen, Staff Writer September 8, 2016 As of July, the SMSU campus Starbucks has been transitioning to a student-run model of management. As a result of this decision, the employees at the Starbucks are well on their way to effectively running the coffee shop by themselves. This decision comes in the wake of a change in hands of ownership of the coffee shop to Chartwells, SMSU's new food service provider after switching from Aramark. The decision to transition to a student-run model was proposed and enacted by Chartwells. Food Service Director Tom Piascik forwarded this plan within the company a…",University Wire; Carlsbad,2016-09-08,Starbucks to be student-run,articles/raw/usb1/Aramark/ProQuestDocuments-2026-07-29 (1).rtf,won,,approx,Chartwells,SMSU campus,no,0.8,yes,ev_d43a44138dcf3ec5
not_supported,"Article is a year-in-review photo roundup. The only occurrence of Sodexo is a photo caption of a worker at Morgan Hall. Nothing states a contract loss, and nothing supports 2016-10.","Sodexo lost the food service contract at Temple, Temple University — 2016-10-01 (month).","Publication: Temple News, Temple University, Philadelphia PA. administration_stitch Neil Theobald (left), addresses the state legislature in Harrisburg in March. Hai-Lung Dai (right), speaks at the opening of the Science Education and Research Center in 2014. TTN FILE PHOTO | PATRICK CLARK / KARA MILSTEIN 160830__News_MoodyNolan_KaitMoore_6 The university authorized digging near Geasey Field, above, to see how deep a stadium could be built. | KAIT MOORE FOR THE TEMPLE NEWS AdjunctProfProtest_KaraMilstein_03 About a year ago, adjuncts protested on Liacouras Walk to join TAUP, the university’s full-time faculty union. | KARA MILSTEIN TTN FILE PHOTO 11-1_news_tupd_michaelawinberg Philadelphia P…",University Wire; Carlsbad,2016-12-29,Top 10 News Topics of 2016,articles/raw/usb1/Aramark/ProQuestDocuments-2026-07-29 (1).rtf,lost,2016-10-01,month,Sodexo,Temple,no,0.85,yes,ev_7984a6913c9c631d
correct,‘In January 2016 U of T announced that it would not be renewing its contract with … Aramark … it would be providing food services independently.’ Operator = the institution is the right reading for self_op.,University of Toronto was replaced by in-house operation at University of Toronto — 2016-01-01 (month).,"Headnote In a dramatic shift, an excutive chef turns the mighty U of T kitchens toward fresh and locally sourced Jaco Lokker and his head chefs stand around a table at the University of Toronto's Chestnut Residence kitchen, looking at halves of sandwiches. All summer they have been developing recipes and menus. ""I personally don't believe Russian dressing belongs on a Reuben,"" says Lokker to Suman Roy, executive chef for the campus retail outlets. Roy had made the grave error of suggesting the dressing on the classic sandwich, which they would be serving at a deli station. James Piggot, chef of New College Residence, pulls out his cellphone and searches ""Reuben sandwich."" He lists ingredient…",Maclean's; Toronto,2016-11-07,A great campus food makeover,articles/raw/usb1/Aramark/ProQuestDocuments-2026-07-29 (1).rtf,self_op,2016-01-01,month,University of Toronto,University of Toronto,no,0.9,yes,ev_3d844a0a15b3ac55
wrong_date,"SodexoMagic losing Drexel to Aramark is right. The cited article says announced Oct 28, effective Dec 11 — it does not support 2016-09-20, and the date is asserted at ‘exact’ precision.",SodexoMagic lost the food service contract at Drexel University — 2016-09-20 (exact).,"Publication: The Triangle, Drexel University, Philadelphia PA. October 28, 2016 by Gina Vitale Drexel University President John A. Fry announced in an email Oct. 28 that Aramark will be replacing SodexoMagic as the University's food service provider, effective Dec. 11. Aramark, which is a Fortune 200 company, is a based out of Center City, Philadelphia and provides food service to multiple colleges and universities across the U.S. ""Aramark leaders assure us that, as a company, they strive to provide their customers with the best possible quality and service,"" Fry wrote in the email. Drexel terminated its contract with SodexoMagic Sept. 20, ending a 21-year partnership. At the time, Drexel di…",University Wire; Carlsbad,2016-10-28,Aramark to replace SodexoMagic as food service provider,articles/raw/usb1/Aramark/ProQuestDocuments-2026-07-29 (1).rtf,lost,2016-09-20,exact,SodexoMagic,Drexel University,yes,0.93,no,ev_5ff1a8e1a957888c
correct,‘since Sodexo took over from Aramark in 2013’. Year precision matches the article’s own precision.,"Sodexo won the food service contract at Brandeis, Brandeis University — 2013-01-01 (year).","Publication: The Justice, Brandeis University, Waltham MA. The Justice :: BLC petitions for better treatment of Sodexo workers Brandeis University’s Independent Student Newspaper Since 1949, Waltham, MA In addition to creating long lines and slow service, understaffing in dining locations on campus prevents several Sodexo workers from earning a living, the Brandeis Labor Coalition asserted this week in a petition arguing for better treatment of Sodexo workers on campus. The petition began circulation around 10 p.m. on Nov. 9 via the Brandeis Labor Coalition Facebook Page. As of 3 p.m. on Monday, the petition had 231 signatures out of the 500 signature goal. Some students have also been able …",University Wire; Carlsbad,2016-11-14,BLC petitions for better treatment of Sodexo workers,articles/raw/usb1/Aramark/ProQuestDocuments-2026-07-29 (1).rtf,won,2013-01-01,year,Sodexo,Brandeis,no,0.75,yes,ev_4491deab17382d16
correct,"‘Drexel terminated the contract last month’ in an article dated Oct 10 2016 — September, at month precision.",SodexoMagic lost the food service contract at Drexel University — 2016-09-01 (month).,"Gaithersburg-based SodexoMagic LLC has filed suit against Drexel University for allegedly misrepresenting its student body growth, leading the food service company to sign a 10-year contract worth millions of dollars. The lawsuit claims Drexel's Request for Proposal and subsequent contract negotiations indicated student enrollment would grow. But after the deal was signed in May 2015, SodexoMagic learned the university's enrollment actually would decline, according to the lawsuit. The company's 10-year contract included multimillion-dollar investments in renovations to Drexel facilities and tens of millions of dollars in commissions to the university. SodexoMagic and Drexel had worked togeth…","The Daily Record; Baltimore, Md.",2016-10-10,Md. company alleges fraud by Drexel University,articles/raw/usb1/Sodexho/ProQuestDocuments-2026-07-29.rtf,lost,2016-09-01,month,SodexoMagic,Drexel University,yes,0.85,yes,ev_27cf5d4cc3acfdd0
not_supported,"The word ‘food’ does not appear in this article. It is an interview about winning a minority CLEANING subcontract at Veterans Stadium. Harry M. Stevens was a concessionaire historically, but this article does not claim a food service award, nor the 1997 date. Lowest confidence in the sample (0.45) — the model’s own uncertainty was right.",Harry M. Stevens won the food service contract at Veterans Stadium — 1997-01-01 (approx).,"…dy?' She said, 'I just knew you were going to be somebody because you are a hard worker.' And I cleaned her house. Q: How did you get your first big break to clean something larger than some Main Line houses? I think it was to clean Veterans Stadium, the Phillies' former ballfield, now demolished. How did that happen? A: It happened because a person needed a minority vendor. He landed a contract in our great city. It had put these diversity rules in place, and I'm forever thankful for them for doing that. So that person, who was from Baltimore, landed this contract. The company was Harry M. Stevens. It was bought by Aramark. And he said to me, 'I see your name on this list and I need a minor…",TCA Regional News; Chicago,2016-07-30,"In Philly, from cleaning lady to CEO, a rags-to-riches story",articles/raw/usb1/Aramark/ProQuestDocuments-2026-07-29 (1).rtf,won,1997-01-01,approx,Harry M. Stevens,Veterans Stadium,yes,0.45,yes,ev_3eccefa12c893476
correct,"‘Aramark began a three-year, $145-million contract in December 2013’ with Michigan DOC. Found despite the article being ostensibly about a fired Trinity worker.","Aramark Correctional Services won the food service contract at state prison properties, Michigan Department of Corrections — 2013-12-01 (month).","LANSING - A food worker has been fired and banned from state prison properties after she was caught making out with an inmate inside a kitchen cooler on Tuesday, a Corrections Department spokesman confirmed Thursday. After a corrections officer discovered the pair, prison officials determined the Trinity Services Group worker had also sent photographs to the inmate and had communicated with him using the JPay prison email system, in violation of department rules, spokesman Chris Gautz said. ""An officer discovered the two in the cooler kissing,"" Gautz told the Free Press. ""The photos and JPay discussions were discovered after that."" The incident happened at the Charles Egeler Reception and Gu…","Lansing State Journal; Lansing, Mich.",2016-09-09,Worker is fired for kissing inmate,articles/raw/usb1/Aramark/ProQuestDocuments-2026-07-29 (1).rtf,won,2013-12-01,month,Aramark Correctional Services,state prison properties,no,0.85,yes,ev_0100a2ac6b81113d
correct,‘FGCU cutting ties with its former food service management company -- Aramark.’,"Aramark lost the food service contract at FGCU, Florida Gulf Coast University — date unknown.","The 2016-17 school year starts today at Florida Gulf Coast University, and it is sure to bring a lot of excitement and changes to the Southwest Florida school. If all goes well, the biggest news coming out of FGCU this school year will be the naming of a new president. The school term won't quite be four months old when the FGCU board selects President Wilson Bradshaw's successor. Bradshaw plans to step down June 30, the day his contract ends and two months after the school year closes. All of this will be going on in the midst of a year-long celebration marking the day that FGCU opened its doors in 1997. So there's one thing that won't be lacking at FGCU this year and that's news. Here are …","The News Press; Fort Myers, Fla.",2016-08-17,Back to school at FGCU: Five things to know for 2016,articles/raw/usb1/Aramark/ProQuestDocuments-2026-07-29 (1).rtf,lost,,approx,Aramark,FGCU,no,0.9,yes,ev_1ce7bd4d51695bb7
correct,"‘the University of Maine System awarded its new dining service contract to Sodexo’. NOTE: duplicate of ev_e3f304b01ecabdf4 — same fact, same article, two event ids.",Sodexo won the food service contract at University of Maine System — 2016-01-01 (year).,"…ther businesses understand how they can extend their market reach,"" according to a press release. Maine's local food advocates have pushed hard to get more Maine-grown food served in the schools' dining halls. Earlier this year, the University of Maine System awarded its new dining service contract to Sodexo, citing in part the company's commitment to source 25 to 30 percent of its food locally; previously, Aramark held the contract. ""We want people to walk out of the room informed on how to take the next step in selling to an institution like Sodexo or the University of Maine,"" Maeve McInnis, director of The Maine Course by Sodexo is quoted as saying. The Maine Course is the name of the Sod…","Portland Press Herald; Portland, Me.",2016-10-23,Notes from the farm to table and sustainable world,articles/raw/usb1/Sodexho/ProQuestDocuments-2026-07-29.rtf,won,2016-01-01,year,Sodexo,University of Maine System,no,0.85,yes,ev_c879640f6f86d456
correct,"‘Aramark will effectively replace Sodexo’ and Sodexo’s ‘contract with the university set to expire July 1’ — article is Oct 2016, so 2017-07-01 is right.",Sodexo lost the food service contract at Temple University — 2017-07-01 (exact).,"Publication: Temple News, Temple University, Philadelphia PA. President Richard Englert (left), Board Chairman Patrick O'Connor and Vice Chairman H.F. ""Gerry"" Lenfest. | BRIANNA SPAUSE/THE TEMPLE NEWS Temple's acting president Richard Englert was named to the position of president until a national search for a successor launches this summer, the Board of Trustees announced Tuesday. The decision came in a one-hour public meeting at Sullivan Hall, the first public meeting of the full Board since trustees voted in July to remove Neil Theobald as President. At that meeting, the Board named Englert as acting president and confirmed the appointment of JoAnne Epps as provost. Patrick O'Connor, who …",University Wire; Carlsbad,2016-10-11,"Englert to continue as president, Board says",articles/raw/usb1/Aramark/ProQuestDocuments-2026-07-29 (1).rtf,lost,2017-07-01,exact,Sodexo,Temple University,no,0.85,yes,ev_ec60d67dd3be98e5
correct,Article states Aramark is ‘the district's food service company’ and describes the moldy-bagel incident on the stated date. CORRECTED from out_of_scope: ‘violation’ is a declared event_type (schema.py) that pair.py treats as PRESENCE evidence — proof the operator was there — not as a contract change.,"Aramark had a 'violation' event at Neil Armstrong Elementary, Scranton School District — 2016-11-07 (exact).","… a recent radon test at West Scranton Intermediate came back clear. Directors Paul Duffy and Mark McAndrew were absent. In other business: --Officials from Aramark, the district's food service company, explained how four students at Neil Armstrong Elementary were served moldy bagels on Monday. The bagels, defrosted and served to students on Friday, were refrigerated in their packaging. Condensation caused mold to grow over the weekend, said Precious Gilliard, manager for Aramark. Cafeteria employees have already been reminded of safe serving practices, she said. One student ate the bagel. Directors also raised concerns with the nutritional value of items being served as part of the breakfast…",TCA Regional News; Chicago,2016-11-10,Scranton schools to investigate health concerns; board hires principals,articles/raw/usb1/Aramark/ProQuestDocuments-2026-07-29 (1).rtf,violation,2016-11-07,exact,Aramark,Neil Armstrong Elementary,no,0.75,yes,ev_f6b78a138640f421
correct,‘The university decided to contract with Chartwells after doing a two-year review of its dining and catering needs.’,"Chartwells won the food service contract at FGCU, Florida Gulf Coast University — date unknown.","The 2016-17 school year starts today at Florida Gulf Coast University, and it is sure to bring a lot of excitement and changes to the Southwest Florida school. If all goes well, the biggest news coming out of FGCU this school year will be the naming of a new president. The school term won't quite be four months old when the FGCU board selects President Wilson Bradshaw's successor. Bradshaw plans to step down June 30, the day his contract ends and two months after the school year closes. All of this will be going on in the midst of a year-long celebration marking the day that FGCU opened its doors in 1997. So there's one thing that won't be lacking at FGCU this year and that's news. Here are …","The News Press; Fort Myers, Fla.",2016-08-17,Back to school at FGCU: Five things to know for 2016,articles/raw/usb1/Aramark/ProQuestDocuments-2026-07-29 (1).rtf,won,,approx,Chartwells,FGCU,no,0.9,yes,ev_ba3582e42d4248f2
wrong_operator,"Ramsey County self-operating its jail kitchen is supported by the Guardian piece, but the operator was extracted as ‘Minnesota’ — a state, not an operator.","Minnesota was replaced by in-house operation at Ramsey County correctional facility, Minnesota — date unknown.","Today is a good day for the roughly 500 prisoners at Ramsey County correctional facility in St Paul, Minnesota. Today is an egg day. It’s just before 7am and the inmates are lining up in the mess hall for breakfast, which this morning features two boiled eggs as well as porridge, cold toast, coffee, orange juice and a carton of milk. Andre Ragland, a 52-year-old drug addict from Chicago who has been in and out of Ramsey over the past 30 years, is excited. “Eggs are special,” he says as he sits down to tuck into his breakfast from a beige plastic tray in the 20 minutes allotted to eat. “Today is going to be a good day.” The soaring US prison and jail population – which has hit a record 2.2 mi…",The Guardian (Online); London (UK),2016-09-30,Prison food politics: the economics of an industry feeding 2.2 million,articles/raw/usb1/Aramark/ProQuestDocuments-2026-07-29 (1).rtf,self_op,,approx,Minnesota,Ramsey County correctional facility,no,0.55,yes,ev_8521b7769abe3a18
correct,"‘a Sept. 12 meeting at which they approved a letter of intent to finalize the new deal’, adding six years to the Aramark contract.",Aramark renewed its food service contract at University of Toledo — 2016-09-12 (exact).,"A contract extension between the University of Toledo and its dining services provider will mean more milkshakes and moola for the university. | The new agreement with Aramark will bring additional dining options and national chains, starting with Steak 'n Shake, to the main campus. The agreement is expected to generate about $23 million over the next decade and add six more years to the four years remaining on the existing contract with the company that operates at 1,500 colleges and school districts. | Steak 'n Shake, known for its burgers and hand-dipped, real-milkshakes, will open in the student union during the spring semester. It will take over the former site of Rocky's Grill. | Anoth…","The Blade; Toledo, Ohio",2016-09-17,NATIONAL CHAINS: UT DINING OPTIONS TO EXPAND IN NEXT YEAR; CONTRACT WITH PROVIDER OK'D,articles/raw/usb1/Aramark/ProQuestDocuments-2026-07-29 (1).rtf,renewed,2016-09-12,exact,Aramark,University of Toledo,no,0.82,yes,ev_398b7470a11e4d88
correct,"Same sentence as ev_c879640f6f86d456. Correct in itself; the pair is a dedup failure, not an extraction error.",Sodexo won the food service contract at University of Maine System — 2016-01-01 (year).,"…ther businesses understand how they can extend their market reach,"" according to a press release. Maine's local food advocates have pushed hard to get more Maine-grown food served in the schools' dining halls. Earlier this year, the University of Maine System awarded its new dining service contract to Sodexo, citing in part the company's commitment to source 25 to 30 percent of its food locally; previously, Aramark held the contract. ""We want people to walk out of the room informed on how to take the next step in selling to an institution like Sodexo or the University of Maine,"" Maeve McInnis, director of The Maine Course by Sodexo is quoted as saying. The Maine Course is the name of the Sod…","Portland Press Herald; Portland, Me.",2016-10-23,Notes from the farm to table and sustainable world,articles/raw/usb1/Aramark/ProQuestDocuments-2026-07-29 (1).rtf,won,2016-01-01,year,Sodexo,University of Maine System,no,0.85,yes,ev_e3f304b01ecabdf4
